Workbook
Name txtDatabaseName: "テキスト 8"
Name txtTableName: "テキスト 2"
Name txtUserName: "テキスト 4"

Sheet 表紙
D3: ヒロセ電機株式会社
D4: 4S デジタルトランスフォーメーション・プラットフォーム構築
G7: 画面要件定義書（フロント）
G10: 化学物質データ申請完了画面
G12: 1.04 版
AH31: =INDEX(改版履歴!D4:D32,COUNTA(改版履歴!D4:D32)) -> 43662
Z33: 株式会社 ＪＳＯＬ

Sheet 改版履歴
B1: 改版履歴
B3: 版数 | C3: 改版者 | D3: 改版日 | E3: 改版頁 | F3: 改版履歴
B4: 1 | C4: JSOL劉 | D4: 43207 | E4: - | F4: 新規作成
B5: 1.01 | C5: JSOL劉 | D5: 43210 | E5: レイアウト（PC) | F5: 顧客レビュー後に以下の修正を行いました： 顧客要望で、URL上の言語パラメータによって、申請完了画面に表示する言語を切り替える機能を追記しました（ラベル化）。 顧客要望で、送信元アドレスの値は汎用マスタから取得することを追記しました。
B6: 1.02 | C6: JSOL辻本 | D6: 43250 | E6: 全般 | F6: 画面IDの修正：「SEFE240」→「SEFE230」
B7: 1.03 | C7: JSOL王 | D7: 43287 | E7: 画面項目 | F7: 内部指摘事項を取り込みで、処理項目の初期画面表示の概要の修正。
B8: 1.04 | C8: JSOL鈴木 | D8: 43364 | E8: レイアウト（PC） | F8: お客様指摘対応 ・概要の「社員権限」を「販社以上の権限」に修正
B9: 1.05 | C9: JSOL王 | D9: 43662 | E9: レイアウト（PC） | F9: 【4S-1760】概要 (Overview)：代理店権限で利用できるように追加

Sheet レイアウト（PC)
A1: 画面要件定義書（レイアウト) | K1: システム名 (System Name) | Q1: 業務名 Business Name | X1: 画面名 Screen Name | AE1: 作成者 Created By | AK1: 作成日 Created On | AQ1: 更新者 Updated By | AW1: 更新日 Updated On
K2: =[1]表紙!D4 -> 4S デジタルトランスフォーメーション・プラットフォーム構築 | Q2: SE | X2: SEFE220 | AE2: =[1]改版履歴!C4 -> JSOL劉 | AK2: =[1]改版履歴!D4 -> 43207 | AQ2: =INDEX([1]改版履歴!C4:C32,COUNTA([1]改版履歴!C4:C32)) -> JSOL王 | AW2: =INDEX([1]改版履歴!D4:D32,COUNTA([1]改版履歴!D4:D32)) -> 43662
Q3: グリーンマイスター | X3: =[1]表紙!G10 -> 化学物質データ申請確認画面
A5: 概要 (Overview)
A6: 社員権限販社代理店以上の権限（社員権限・販社権限・代理店権限）を持つログイン中のユーザーが申請した化学物質データがエラーなく処理されると、化学物質データ画面完了画面に遷移する。
A11: JSP
A14: 画面構成 (Screen) | BB14: 機能仕様
BB16: ※画面構成要素のうち、説明が必要な画面項目のみ記載する
BC18: 1. パンくずリストエリア
BD19: 1.1 パンくずリスト
BE20: 以下のようにパンくずリストを表示する。
BE21: 『製品トップ > 化学物質データ申請完了』
BC23: 2. 申請完了表示エリア
BD24: 言語情報が"jp"の場合は日本語のコンテンツを、それ
BD25: 以外の場合は英語のコンテンツを表示する。
BD27: 2.1 申請完了情報
BE28: 受付番号：
BE29: 申請データをyCommerceに登録する際に、
BE30: hybrisのGeneratorを利用して生成されるシーケンス値。
BE31: 書式：暦年-シーケンス番号
BE32: *採番については、2018年だけ2018-50000から採番する。
BE33: 2019年以後は20xx-00000という形で採番される。
BD35: 2.2 登録メールアドレス
BE36: 申請者のアドレスが表示される。申請完了時のメールは、
BE37: このアドレス宛に送信される
BD39: 2.3 送信メールアドレス
BE40: 送信メールアドレスは固定（汎用マスタから取得）。
BE41: 申請者宛に送信されるメールの"from"として本アドレス
BE42: が設定される。
BD44: 2.4 化学物質データ画面へ戻る
BE45: 押下すると、一括申請リスト（化学物質データ画面）
BE46: へ移動する
C55: 参考：サイト言語が日本語ではない場合に表示される英語コンテンツ
A97: 備考

Sheet 画面項目
A1: 画面設計書（画面項目) Screen Design Document (Screen Items) | K1: システム名 (System Name) | Q1: 業務名 Business Name | X1: 画面名 Screen Name | AE1: 作成者 Created By | AK1: 作成日 Created On | AQ1: 更新者 Updated By | AW1: 更新日 Updated On
K2: =[1]表紙!D4 -> 4S デジタルトランスフォーメーション・プラットフォーム構築 | Q2: SE | X2: SEFE220 | AE2: =[1]改版履歴!C4 -> JSOL劉 | AK2: =[1]改版履歴!D4 -> 43207 | AQ2: =INDEX([1]改版履歴!C4:C32,COUNTA([1]改版履歴!C4:C32)) -> JSOL王 | AW2: =INDEX([1]改版履歴!D4:D32,COUNTA([1]改版履歴!D4:D32)) -> 43662
Q3: グリーンマイスター | X3: =[1]表紙!G10 -> 化学物質データ申請確認画面
A5: 画面項目(Screen Items)
A6: 必須記入 | AF6: OOTB以外 | CT6: 単機能テスト
A7: 項番 (No) | C7: 項目名(Item Name) | Q7: 論理項目種別 (Logical Item Type) | X7: 固定/可変 (Fixed/Variable) | AB7: I/O | AD7: OOTB | AF7: 入力桁数 (Input Digits) | AJ7: 表示ラベルキー （Display Label Key) | AP7: 初期値 (Default Value) | BA7: 導出元 (Source) | BK7: 備考 (Comment) | CT7: 初回 | DD7: 修正後 | DN7: テスト観点 | DV7: 備考
C8: エリア （Area） | J8: 項目名 (Item Name) | CT8: 確認日 | CX8: 確認者 | DB8: 判定 | DD8: 確認日 | DH8: 確認者 | DL8: 判定
A9: 1 | C9: パンくずリストエリア
A10: 1.1 | J10: パンくずリスト | Q10: Anchor Text | X10: Fixed | AB10: O | AD10: ○ | AF10: - | AP10: - | BA10: -
A11: 2 | C11: 申請完了表示エリア
A12: 2.1 | J12: 受付番号 | Q12: Text Output | X12: Variable | AB12: O | AD12: × | AP12: - | BA12: HrsChemicalSubstance.appNo
A13: 2.2 | J13: 登録メールアドレス | Q13: Text Output | X13: Variable | AB13: O | AD13: × | AF13: - | AP13: - | BA13: HrsChemicalSubstance.member.contactEmail
A14: 2.3 | J14: 送信メールアドレス | Q14: Text Output | X14: Variable | AB14: O | AD14: × | AF14: - | AP14: - | BA14: システム設定値 キー：chmicalsubstance.from.emailaddress で得られるメールアドレス
A15: 2.4 | J15: 化学物質データ画面へ戻る | Q15: Image Button | X15: Fixed | AB15: O | AD15: × | AF15: - | AP15: -
A17: 処理項目(Process Items) | CT17: 単機能テスト
A18: 項番 (No) | C18: 処理名 (Process Name) | J18: イベント発生元（論理項目名） (Event Source(Logical Item Name)) | X18: イベント (Event) | AE18: サーバ ／クライアント | AM18: 遷移先画面ID (Transition Destination Screen ID) | AW18: 概要 (Comment) | CT18: 初回 | DD18: 修正後 | DN18: テスト観点 | DV18: 備考
CT19: 確認日 | CX19: 確認者 | DB19: 判定 | DD19: 確認日 | DH19: 確認者 | DL19: 判定
A20: 1 | C20: 初期画面表示 | Q20: 本画面に遷移 | X20: Onload | AE20: サーバ | AM20: - | AW20: 「セッション言語」によりサイト言語を判定し、サイト言語が日本語の場合は日本語で、日本語ではない場合は英語で、メール本文を表示する | DD20: =IF(EXACT($DB20,"OK"),"-","") | DH20: =IF(EXACT($DB20,"OK"),"-","") | DL20: =IF(EXACT($DB20,"OK"),"-","")
A21: 2 | C21: 化学物質データ画面への遷移 | Q21: 化学物質データ画面へ戻るボタン | X21: Click | AE21: サーバ | AM21: SEFE200_画面要件定義書_化学物質データ画面 | DD21: =IF(EXACT($DB21,"OK"),"-","") | DH21: =IF(EXACT($DB21,"OK"),"-","") | DL21: =IF(EXACT($DB21,"OK"),"-","")
A22: 3 | DD22: =IF(EXACT($DB22,"OK"),"-","") | DH22: =IF(EXACT($DB22,"OK"),"-","") | DL22: =IF(EXACT($DB22,"OK"),"-","")
A23: 4 | DD23: =IF(EXACT($DB23,"OK"),"-","") | DH23: =IF(EXACT($DB23,"OK"),"-","") | DL23: =IF(EXACT($DB23,"OK"),"-","")
A24: 5 | DD24: =IF(EXACT($DB24,"OK"),"-","") | DH24: =IF(EXACT($DB24,"OK"),"-","") | DL24: =IF(EXACT($DB24,"OK"),"-","")
C27: 利用可能な論理項目種別 | P27: 固定/可変 | U27: I/O | Y27: OOTB
C28: Label | P28: Fixed | U28: I | Y28: ○ | AA28: 全て利用
C29: Manual Operation Button | P29: Variable | U29: O | Y29: △ | AA29: 一部利用
C30: Image Button | U30: I/O | Y30: × | AA30: なし（新規作成）
C31: Anchor Text | U31: -
C32: Textbox
C33: Text Box (with spin button)
C34: Password
C35: Text Area
C36: File field
C37: Radio Button
C38: Dropdown List
C39: Checkbox
C40: Calendar
C41: Time Input
C42: Loop Table
C43: Image
... C48: -

Sheet 画面状態
A1: 画面設計書（画面状態) Screen Design Document(Screen State) | K1: システム名 (System Name) | Q1: 業務名 Business Name | X1: 画面名 Screen Name | AE1: 作成者 Created By | AK1: 作成日 Created On | AQ1: 更新者 Updated By | AW1: 更新日 Updated On
K2: =[1]表紙!D4 -> 4S デジタルトランスフォーメーション・プラットフォーム構築 | Q2: SE | X2: SEFE220 | AE2: =[1]改版履歴!C4 -> JSOL劉 | AK2: =[1]改版履歴!D4 -> 43207 | AQ2: =INDEX([1]改版履歴!C4:C32,COUNTA([1]改版履歴!C4:C32)) -> JSOL王 | AW2: =INDEX([1]改版履歴!D4:D32,COUNTA([1]改版履歴!D4:D32)) -> 43662
Q3: グリーンマイスター | X3: =[1]表紙!G10 -> 化学物質データ申請確認画面
A5: 画面状態 (Screen State) | AE5: 単機能テスト
A6: 項番 (No) | C6: 論理項目名 (Logical Item Name) | Q6: 状態 (State) | AE6: 初回 | AO6: 修正後 | AY6: テスト観点 | BG6: 備考
Q7: 初期表示 | AE7: 確認日 | AI7: 確認者 | AM7: 判定 | AO7: 確認日 | AS7: 確認者 | AW7: 判定
A8: =IF(ISBLANK(画面項目!A9),"",画面項目!A9) -> 1 | C8: パンくずリストエリア | AO8: - | AS8: - | AW8: -
A9: =IF(ISBLANK(画面項目!A10),"",画面項目!A10) -> 1.1 | J9: パンくずリスト | Q9: ○ | AO9: - | AS9: - | AW9: -
A10: =IF(ISBLANK(画面項目!A11),"",画面項目!A11) -> 2 | C10: =IF(ISBLANK(画面項目!C11),"",画面項目!C11) -> 申請完了表示エリア | AO10: - | AS10: - | AW10: -
A11: =IF(ISBLANK(画面項目!A12),"",画面項目!A12) -> 2.1 | J11: =IF(ISBLANK(画面項目!J12),"",画面項目!J12) -> 受付番号 | Q11: ○ | AO11: - | AS11: - | AW11: -
A12: =IF(ISBLANK(画面項目!A13),"",画面項目!A13) -> 2.2 | J12: =IF(ISBLANK(画面項目!J13),"",画面項目!J13) -> 登録メールアドレス | Q12: ○ | AO12: - | AS12: - | AW12: -
A13: =IF(ISBLANK(画面項目!A15),"",画面項目!A15) -> 2.4 | J13: =IF(ISBLANK(画面項目!J15),"",画面項目!J15) -> 化学物質データ画面へ戻る | Q13: ○ | AO13: - | AS13: - | AW13: -
AO14: - | AS14: - | AW14: -
AO15: - | AS15: - | AW15: -
D18: Legend Name | K18: Legend Value
D19: Display(Active) | K19: ○
D20: Display(In-Active) | K20: ●
D21: Hidden | K21: ×

Sheet 入力チェック
A1: 画面設計書（入力チェック) Screen Design Document(Input Checks) | K1: システム名 (System Name) | Q1: 業務名 Business Name | X1: 画面名 Screen Name | AE1: 作成者 Created By | AK1: 作成日 Created On | AQ1: 更新者 Updated By | AW1: 更新日 Updated On
K2: =[1]表紙!D4 -> 4S デジタルトランスフォーメーション・プラットフォーム構築 | Q2: SE | X2: SEFE220 | AE2: =[1]改版履歴!C4 -> JSOL劉 | AK2: =[1]改版履歴!D4 -> 43207 | AQ2: =INDEX([1]改版履歴!C4:C32,COUNTA([1]改版履歴!C4:C32)) -> JSOL王 | AW2: =INDEX([1]改版履歴!D4:D32,COUNTA([1]改版履歴!D4:D32)) -> 43662
Q3: グリーンマイスター | X3: =[1]表紙!G10 -> 化学物質データ申請確認画面
A5: 形式チェック | CP5: 単機能テスト
A6: 項番 (No) | C6: 論理項目名 (Logical Item Name) | J6: チェックルール (Check Rule) | P6: パラメータ条件 (Parameter Condition) | X6: メッセージキー (Message Key) | AF6: メッセージ 置換文字列 (Place Holder) | AO6: チェックタイミング (Check Timing) | CH6: 備考 (Comment) | CP6: 初回 | CZ6: 修正後 | DJ6: テスト観点 | DR6: 備考
AO7: 入力欄フォーカスアウト時 | AT7: サーバサイドバリデーション | CP7: 確認日 | CT7: 確認者 | CX7: 判定 | CZ7: 確認日 | DD7: 確認者 | DH7: 判定
A14: 業務チェック | DZ14: 単機能テスト
A15: 項番 (No) | C15: 論理項目名 (Logical Item Name) | Q15: チェック内容 (Check Details) | AM15: メッセージキー (Message Key) | AU15: メッセージ 置換文字列 (Place Holder) | BD15: チェックタイミング (Check Timing) | CW15: 備考 (Comment) | DZ15: 初回 | EJ15: 修正後 | ET15: テスト観点 | FB15: 備考
BD16: 検索ボタン押下時 | BI16: 確認メール送信ボタン押下時 | DZ16: 確認日 | ED16: 確認者 | EH16: 判定 | EJ16: 確認日 | EN16: 確認者 | ER16: 判定
B24: 利用可能なルール | I24: パラメータ1 | O24: パラメータ2 | U24: パラメータ3 | AA24: パラメータ4 | AG24: デフォルトメッセージID | AM24: デフォルトメッセージ
B25: 必須チェック（@NotBlank） | AG25: errors.required | AM25: {0}は入力必須項目です。
B26: 必須チェック（@NotEmpty） | AG26: errors.zenkakuString | AM26: {0}には全角文字を入力してください。
B27: 必須チェック（@NotNull） | AG27: errors.hankakuString | AM27: {0}には半角文字を入力してください。
B28: 半角数字チェック | AG28: errors.alphaNumericString | AM28: {0}には半角英数字で入力してください。
B29: 半角英数字チェック | AG29: errors.capAlphaNumericString | AM29: {0}には英大文字または数字を入力してください。
B30: 半角文字チェック | AG30: errors.numericString | AM30: {0}には数字を入力してください。
B31: 文字数チェック | AG31: errors.zenkakuKanaString | AM31: {0}には全角カナ文字を入力してください。
B32: 日付チェック | AG32: errors.hankakuKanaString | AM32: {0}には半角カナ文字を入力してください。
B33: 数値桁数チェック | I33: Number of Bytes = | O33: Encoding = | AG33: errors.byteLength | AM33: {0}には{1}文字で入力してください。
B34: 最大値チェック | I34: Min Value = | O34: Max Value = | AG34: errors.range | AM34: {0}には{1}から{2}までの範囲で入力してください。
B35: 最小値チェック | I35: Min Value = | O35: Max Value = | U35: Encoding = | AG35: errors.byteRange | AM35: {0}には{1}から{2}までの範囲で入力してください。
B36: メールアドレス形式チェック | I36: Max Length = | AG36: errors.stringLength | AM36: {0}には{1}文字で入力してください。
B37: 区分値チェック（Enum） | I37: Date Format = | AG37: errors.date | AM37: {0}には正しい日付を入力してください。
B38: 区分値チェック（AppEnum） | I38: Date Format = | O38: Start Date = | U38: End Date = | AG38: errors.dateRange | AM38: {0}には{1}から{2}までの範囲で入力してください。
I39: Numer of Integer Part Digits = | O39: Numer of Decimal Part Digits = | U39: Number of Integer Digists Check = | AA39: Number of Decimal Digits Check = | AG39: errors.number | AM39: {0}には整数部{1}桁、小数部{2}桁までの範囲で入力してください。
I40: Min Number of Characters = | AG40: errors.minlength | AM40: {0}には{1}文字以上で入力してください。
I41: Max Number of Characters = | AG41: errors.maxlength | AM41: {0}には{1}文字以下で入力してください。
AG42: errors.email | AM42: {0}にはｅメールアドレスの形式で入力してください。
AG43: errors.creditcard | AM43: {0}には正しいクレジットカード番号を入力してください。
I44: 全スキーム許可= | O44: "//"許可= | U44: "#"許可= | AA44: 許可スキーム= | AG44: errors.url | AM44: {0}には適切なURL形式で入力してください。
I45: Prohibited Characters = | AG45: errors.prohibited | AM45: {0}に入力禁止文字"{1}"が含まれています。
I46: Regular Expression = | AG46: errors.invalid | AM46: {0}の入力形式が間違っています。
AG47: errors.displayName | AM47: {0}の入力に誤りがあります。

Sheet 処理詳細
A1: 画面設計書（処理詳細）Screen Design Document(Process Detail) | K1: システム名 (System Name) | Q1: 業務名 Business Name | X1: 画面名 Screen Name | AE1: 作成者 Created By | AK1: 作成日 Created On | AQ1: 更新者 Updated By | AW1: 更新日 Updated On
K2: =[1]表紙!D4 -> 4S デジタルトランスフォーメーション・プラットフォーム構築 | Q2: SE | X2: SEFE220 | AE2: =[1]改版履歴!C4 -> JSOL劉 | AK2: =[1]改版履歴!D4 -> 43207 | AQ2: =INDEX([1]改版履歴!C4:C32,COUNTA([1]改版履歴!C4:C32)) -> JSOL王 | AW2: =INDEX([1]改版履歴!D4:D32,COUNTA([1]改版履歴!D4:D32)) -> 43662
Q3: グリーンマイスター | X3: =[1]表紙!G10 -> 化学物質データ申請確認画面
A5: 処理詳細
B7: 特になし
